gid,request_type,weight,reason
100000005075949100,next_hop_outgoing,382933.72207506513,Запросить исходящие следующего хопа; глубина 4
100000001053894100,next_hop_outgoing,374541.1139830621,Запросить исходящие следующего хопа; глубина 4
100000004035925100,next_hop_outgoing,352975.63696708484,Запросить исходящие следующего хопа; глубина 4
100000002671326100,next_hop_outgoing,319457.7622982638,Запросить исходящие следующего хопа; глубина 4
100000008175078100,next_hop_outgoing,316492.8567660623,Запросить исходящие следующего хопа; глубина 4
100000003220685100,next_hop_outgoing,222498.97501982097,Запросить исходящие следующего хопа; глубина 4
100000002594214100,next_hop_outgoing,171934.75405057092,Запросить исходящие следующего хопа; глубина 4
100000002126791100,next_hop_outgoing,169063.0330835663,Запросить исходящие следующего хопа; глубина 4
100000003718715100,next_hop_outgoing,151080.77194187394,Запросить исходящие следующего хопа; глубина 4
100000001669260100,next_hop_outgoing,132084.55625107468,Запросить исходящие следующего хопа; глубина 4
100000005042822100,next_hop_outgoing,128551.37637337043,Запросить исходящие следующего хопа; глубина 4
100000003037476100,next_hop_outgoing,127772.34503106598,Запросить исходящие следующего хопа; глубина 4
100000003989033100,next_hop_outgoing,127555.61622763018,Запросить исходящие следующего хопа; глубина 4
100000002622822100,next_hop_outgoing,127254.39190165883,Запросить исходящие следующего хопа; глубина 4
100000008619159100,next_hop_outgoing,125532.12695825362,Запросить исходящие следующего хопа; глубина 4
100000004586598100,next_hop_outgoing,123673.05368069933,Запросить исходящие следующего хопа; глубина 4
100000001471706100,next_hop_outgoing,122692.45779502776,Запросить исходящие следующего хопа; глубина 4
100000002884708100,next_hop_outgoing,118407.9471138715,Запросить исходящие следующего хопа; глубина 4
100000007865484100,next_hop_outgoing,114452.00807331983,Запросить исходящие следующего хопа; глубина 4
100000000733940100,next_hop_outgoing,101513.24275559736,Запросить исходящие следующего хопа; глубина 4
100000001311175100,next_hop_outgoing,91856.84992003428,Запросить исходящие следующего хопа; глубина 4
100000008551752100,next_hop_outgoing,88255.74988993397,Запросить исходящие следующего хопа; глубина 4
100000007841978100,next_hop_outgoing,86176.19536145152,Запросить исходящие следующего хопа; глубина 4
100000006638021100,next_hop_outgoing,85873.3981002161,Запросить исходящие следующего хопа; глубина 4
100000003692843100,next_hop_outgoing,85791.27708025374,Запросить исходящие следующего хопа; глубина 4
100000005767403100,next_hop_outgoing,85347.9705791294,Запросить исходящие следующего хопа; глубина 4
100000003025903100,next_hop_outgoing,84154.60709174312,Запросить исходящие следующего хопа; глубина 4
100000007330432100,next_hop_outgoing,83994.1618782571,Запросить исходящие следующего хопа; глубина 4
100000005616568100,next_hop_outgoing,81680.92790753598,Запросить исходящие следующего хопа; глубина 4
100000002686226100,next_hop_outgoing,78618.63777442502,Запросить исходящие следующего хопа; глубина 4
100000001222245100,next_hop_outgoing,78192.52485265398,Запросить исходящие следующего хопа; глубина 4
100000001065234100,next_hop_outgoing,71916.2566223767,Запросить исходящие следующего хопа; глубина 4
100000008190411100,next_hop_outgoing,63700.38608664393,Запросить исходящие следующего хопа; глубина 4
100000000375150100,next_hop_outgoing,59342.87244284266,Запросить исходящие следующего хопа; глубина 4
100000008469048100,next_hop_outgoing,57277.965038516,Запросить исходящие следующего хопа; глубина 4
100000003985389100,next_hop_outgoing,57115.863322229685,Запросить исходящие следующего хопа; глубина 4
100000006308406100,next_hop_outgoing,56608.4952208347,Запросить исходящие следующего хопа; глубина 4
100000008675322100,next_hop_outgoing,56594.46419587835,Запросить исходящие следующего хопа; глубина 4
100000003631015100,next_hop_outgoing,54714.51953517347,Запросить исходящие следующего хопа; глубина 4
100000002194320100,next_hop_outgoing,54671.9548908833,Запросить исходящие следующего хопа; глубина 4
100000008517061100,next_hop_outgoing,52777.37981170134,Запросить исходящие следующего хопа; глубина 4
100000005272139100,next_hop_outgoing,52122.304692588565,Запросить исходящие следующего хопа; глубина 4
100000008722541100,next_hop_outgoing,51781.44861941247,Запросить исходящие следующего хопа; глубина 4
100000008695157100,next_hop_outgoing,50468.849388146846,Запросить исходящие следующего хопа; глубина 4
100000000561160100,next_hop_outgoing,48294.41129002423,Запросить исходящие следующего хопа; глубина 4
100000001131403100,next_hop_outgoing,48254.4745094983,Запросить исходящие следующего хопа; глубина 4
100000004976946100,next_hop_outgoing,48106.92104126398,Запросить исходящие следующего хопа; глубина 4
100000007071852100,next_hop_outgoing,48069.21761635174,Запросить исходящие следующего хопа; глубина 4
100000000926078100,next_hop_outgoing,46067.04581201335,Запросить исходящие следующего хопа; глубина 4
100000004652395100,next_hop_outgoing,45968.67581311575,Запросить исходящие следующего хопа; глубина 4
100000005711521100,next_hop_outgoing,45794.455916821156,Запросить исходящие следующего хопа; глубина 4
100000005745873100,next_hop_outgoing,45412.11057567994,Запросить исходящие следующего хопа; глубина 4
100000003199390100,next_hop_outgoing,43377.727963925114,Запросить исходящие следующего хопа; глубина 4
100000004610802100,next_hop_outgoing,42680.02398053048,Запросить исходящие следующего хопа; глубина 4
100000008376785100,next_hop_outgoing,42623.12515809496,Запросить исходящие следующего хопа; глубина 4
100000006689603100,next_hop_outgoing,41626.51840673711,Запросить исходящие следующего хопа; глубина 4
100000005783452100,next_hop_outgoing,41095.580118972466,Запросить исходящие следующего хопа; глубина 4
100000008333492100,next_hop_outgoing,38421.21617471222,Запросить исходящие следующего хопа; глубина 4
100000001378288100,next_hop_outgoing,38124.243356923376,Запросить исходящие следующего хопа; глубина 4
100000008136608100,next_hop_outgoing,36664.14329252628,Запросить исходящие следующего хопа; глубина 4
100000008740295100,next_hop_outgoing,35477.16809671524,Запросить исходящие следующего хопа; глубина 4
100000007034089100,next_hop_outgoing,33801.86819636904,Запросить исходящие следующего хопа; глубина 4
100000003447411100,next_hop_outgoing,33750.12586332949,Запросить исходящие следующего хопа; глубина 4
100000004200745100,next_hop_outgoing,33561.667999947866,Запросить исходящие следующего хопа; глубина 4
100000004006327100,next_hop_outgoing,33464.376839202705,Запросить исходящие следующего хопа; глубина 4
100000008168850100,next_hop_outgoing,32049.506639698047,Запросить исходящие следующего хопа; глубина 4
100000003128638100,next_hop_outgoing,31679.485698658027,Запросить исходящие следующего хопа; глубина 4
100000004235471100,next_hop_outgoing,30677.73832604509,Запросить исходящие следующего хопа; глубина 4
100000002596039100,next_hop_outgoing,29987.665209975246,Запросить исходящие следующего хопа; глубина 4
100000003448713100,next_hop_outgoing,28544.61590750038,Запросить исходящие следующего хопа; глубина 4
100000007357489100,next_hop_outgoing,27999.467723290265,Запросить исходящие следующего хопа; глубина 4
100000004798515100,next_hop_outgoing,27933.015400777665,Запросить исходящие следующего хопа; глубина 4
100000003072205100,next_hop_outgoing,26999.304744887788,Запросить исходящие следующего хопа; глубина 4
100000004891562100,next_hop_outgoing,26906.223222792723,Запросить исходящие следующего хопа; глубина 4
100000006756956100,next_hop_outgoing,26426.35043818232,Запросить исходящие следующего хопа; глубина 4
100000002214207100,next_hop_outgoing,25086.801941278554,Запросить исходящие следующего хопа; глубина 4
100000007745062100,next_hop_outgoing,25002.497607247526,Запросить исходящие следующего хопа; глубина 4
100000000600707100,next_hop_outgoing,24940.575533892057,Запросить исходящие следующего хопа; глубина 4
100000001724740100,next_hop_outgoing,24782.454561214723,Запросить исходящие следующего хопа; глубина 4
100000000557536100,next_hop_outgoing,24765.818757711455,Запросить исходящие следующего хопа; глубина 4
100000007511780100,next_hop_outgoing,24462.749227564425,Запросить исходящие следующего хопа; глубина 4
100000003180305100,next_hop_outgoing,23983.228903133135,Запросить исходящие следующего хопа; глубина 4
100000008172721100,next_hop_outgoing,23765.045595836546,Запросить исходящие следующего хопа; глубина 4
100000008343415100,next_hop_outgoing,23703.72946207949,Запросить исходящие следующего хопа; глубина 4
100000008221765100,next_hop_outgoing,23232.489994879816,Запросить исходящие следующего хопа; глубина 4
100000001299828100,next_hop_outgoing,21472.792611177803,Запросить исходящие следующего хопа; глубина 4
100000006257675100,next_hop_outgoing,21297.897052825712,Запросить исходящие следующего хопа; глубина 4
100000005888829100,next_hop_outgoing,21151.59471566616,Запросить исходящие следующего хопа; глубина 4
100000004840086100,next_hop_outgoing,20890.766722685476,Запросить исходящие следующего хопа; глубина 4
100000008699083100,next_hop_outgoing,20407.63463319228,Запросить исходящие следующего хопа; глубина 4
100000005878334100,next_hop_outgoing,20279.51625379035,Запросить исходящие следующего хопа; глубина 4
100000002794374100,next_hop_outgoing,19490.80638874267,Запросить исходящие следующего хопа; глубина 4
100000002529877100,next_hop_outgoing,19448.737549496793,Запросить исходящие следующего хопа; глубина 4
100000004030553100,next_hop_outgoing,19032.70193820164,Запросить исходящие следующего хопа; глубина 4
100000003133045100,next_hop_outgoing,18898.895733785073,Запросить исходящие следующего хопа; глубина 4
100000008735802100,next_hop_outgoing,18740.692624127772,Запросить исходящие следующего хопа; глубина 4
100000008183752100,next_hop_outgoing,18694.278900257337,Запросить исходящие следующего хопа; глубина 4
100000004747154100,next_hop_outgoing,18085.408480842136,Запросить исходящие следующего хопа; глубина 4
100000008336318100,next_hop_outgoing,17545.876487634567,Запросить исходящие следующего хопа; глубина 4
100000005567828100,next_hop_outgoing,17322.998944674535,Запросить исходящие следующего хопа; глубина 4
100000008583971100,next_hop_outgoing,16854.61069357587,Запросить исходящие следующего хопа; глубина 4
100000002208836100,next_hop_outgoing,16820.405471531798,Запросить исходящие следующего хопа; глубина 4
100000001246806100,next_hop_outgoing,16730.834868284208,Запросить исходящие следующего хопа; глубина 4
100000002695812100,next_hop_outgoing,16699.521645047906,Запросить исходящие следующего хопа; глубина 4
100000002242455100,next_hop_outgoing,16478.863670405706,Запросить исходящие следующего хопа; глубина 4
100000004066370100,next_hop_outgoing,16463.067039427537,Запросить исходящие следующего хопа; глубина 4
100000004777215100,next_hop_outgoing,16445.92095538533,Запросить исходящие следующего хопа; глубина 4
100000004800648100,next_hop_outgoing,15871.27299480435,Запросить исходящие следующего хопа; глубина 4
100000003696422100,next_hop_outgoing,15758.368850475212,Запросить исходящие следующего хопа; глубина 4
100000001276409100,next_hop_outgoing,15646.864139366735,Запросить исходящие следующего хопа; глубина 4
100000002791494100,next_hop_outgoing,15482.97026936677,Запросить исходящие следующего хопа; глубина 4
100000005049404100,next_hop_outgoing,15407.705900317222,Запросить исходящие следующего хопа; глубина 4
100000005360814100,next_hop_outgoing,15351.729012919155,Запросить исходящие следующего хопа; глубина 4
100000002217806100,next_hop_outgoing,15268.828890830446,Запросить исходящие следующего хопа; глубина 4
100000003819173100,next_hop_outgoing,15221.089288223258,Запросить исходящие следующего хопа; глубина 4
100000008337304100,next_hop_outgoing,15179.336429787178,Запросить исходящие следующего хопа; глубина 4
100000003186579100,next_hop_outgoing,15101.183163898957,Запросить исходящие следующего хопа; глубина 4
100000001957974100,next_hop_outgoing,14779.002110638448,Запросить исходящие следующего хопа; глубина 4
100000008560263100,next_hop_outgoing,14738.451228982138,Запросить исходящие следующего хопа; глубина 4
100000008050986100,next_hop_outgoing,14610.553739481205,Запросить исходящие следующего хопа; глубина 4
100000004403641100,next_hop_outgoing,14594.562269205182,Запросить исходящие следующего хопа; глубина 4
100000002659265100,next_hop_outgoing,14507.088085219184,Запросить исходящие следующего хопа; глубина 4
100000002599729100,next_hop_outgoing,14266.695308279828,Запросить исходящие следующего хопа; глубина 4
100000002516862100,next_hop_outgoing,14115.921440579059,Запросить исходящие следующего хопа; глубина 4
100000002487222100,next_hop_outgoing,13630.065567055222,Запросить исходящие следующего хопа; глубина 4
100000004549591100,next_hop_outgoing,13575.923592331505,Запросить исходящие следующего хопа; глубина 4
100000002706810100,next_hop_outgoing,13455.714566088458,Запросить исходящие следующего хопа; глубина 4
100000002729875100,next_hop_outgoing,13126.71388268529,Запросить исходящие следующего хопа; глубина 4
100000003230328100,next_hop_outgoing,12997.039339269737,Запросить исходящие следующего хопа; глубина 4
100000001822650100,next_hop_outgoing,12990.65605823665,Запросить исходящие следующего хопа; глубина 4
100000002119762100,next_hop_outgoing,12932.683839736306,Запросить исходящие следующего хопа; глубина 4
100000001299323100,next_hop_outgoing,12844.511457691773,Запросить исходящие следующего хопа; глубина 4
100000001537524100,next_hop_outgoing,12736.518131893876,Запросить исходящие следующего хопа; глубина 4
100000008757301100,next_hop_outgoing,12682.020927605545,Запросить исходящие следующего хопа; глубина 4
100000001733216100,next_hop_outgoing,12538.358716026527,Запросить исходящие следующего хопа; глубина 4
100000003230329100,next_hop_outgoing,12275.898957353895,Запросить исходящие следующего хопа; глубина 4
100000006232642100,next_hop_outgoing,12215.084728873468,Запросить исходящие следующего хопа; глубина 4
100000002700161100,next_hop_outgoing,12063.72483999621,Запросить исходящие следующего хопа; глубина 4
100000004601193100,next_hop_outgoing,11887.027026562197,Запросить исходящие следующего хопа; глубина 4
100000007042175100,next_hop_outgoing,11789.137904650523,Запросить исходящие следующего хопа; глубина 4
100000007867364100,next_hop_outgoing,11652.697519027453,Запросить исходящие следующего хопа; глубина 4
100000005189258100,next_hop_outgoing,11517.36165633896,Запросить исходящие следующего хопа; глубина 4
100000002505277100,next_hop_outgoing,11360.368425465569,Запросить исходящие следующего хопа; глубина 4
100000003207060100,next_hop_outgoing,11254.758179596054,Запросить исходящие следующего хопа; глубина 4
100000005636951100,next_hop_outgoing,11208.85173117562,Запросить исходящие следующего хопа; глубина 4
100000003074515100,next_hop_outgoing,11149.705372171451,Запросить исходящие следующего хопа; глубина 4
100000003247600100,next_hop_outgoing,11132.207390220712,Запросить исходящие следующего хопа; глубина 4
100000002734815100,next_hop_outgoing,11118.663644817927,Запросить исходящие следующего хопа; глубина 4
100000008349740100,next_hop_outgoing,10939.771977528737,Запросить исходящие следующего хопа; глубина 4
100000003180820100,next_hop_outgoing,10793.468073508226,Запросить исходящие следующего хопа; глубина 4
100000004418967100,next_hop_outgoing,10787.135376851482,Запросить исходящие следующего хопа; глубина 4
100000008730238100,next_hop_outgoing,10538.003490510644,Запросить исходящие следующего хопа; глубина 4
100000004019056100,next_hop_outgoing,10533.962720920945,Запросить исходящие следующего хопа; глубина 4
100000004261340100,next_hop_outgoing,10400.172254367524,Запросить исходящие следующего хопа; глубина 4
100000001816678100,next_hop_outgoing,10385.541935876488,Запросить исходящие следующего хопа; глубина 4
100000003125997100,next_hop_outgoing,10263.923129179779,Запросить исходящие следующего хопа; глубина 4
100000003252446100,next_hop_outgoing,10170.43679876715,Запросить исходящие следующего хопа; глубина 4
100000002752565100,next_hop_outgoing,10107.64707219948,Запросить исходящие следующего хопа; глубина 4
100000003061115100,next_hop_outgoing,9806.432516459092,Запросить исходящие следующего хопа; глубина 4
100000008715513100,next_hop_outgoing,9796.22032662033,Запросить исходящие следующего хопа; глубина 4
100000003568904100,next_hop_outgoing,9565.74880131186,Запросить исходящие следующего хопа; глубина 4
100000003134550100,next_hop_outgoing,9550.232999148508,Запросить исходящие следующего хопа; глубина 4
100000002968096100,next_hop_outgoing,9178.184155607152,Запросить исходящие следующего хопа; глубина 4
100000003664994100,next_hop_outgoing,9139.523573087263,Запросить исходящие следующего хопа; глубина 4
100000002670463100,next_hop_outgoing,9110.3544365851,Запросить исходящие следующего хопа; глубина 4
100000008308418100,next_hop_outgoing,9099.897413932826,Запросить исходящие следующего хопа; глубина 4
100000007731977100,next_hop_outgoing,9033.57558410346,Запросить исходящие следующего хопа; глубина 4
100000008680061100,next_hop_outgoing,9020.476809100343,Запросить исходящие следующего хопа; глубина 4
100000004326224100,next_hop_outgoing,8955.05605909135,Запросить исходящие следующего хопа; глубина 4
100000003091142100,next_hop_outgoing,8937.22085577252,Запросить исходящие следующего хопа; глубина 4
100000002896506100,next_hop_outgoing,8829.286285355623,Запросить исходящие следующего хопа; глубина 4
100000006351075100,next_hop_outgoing,8826.230506639527,Запросить исходящие следующего хопа; глубина 4
100000006490615100,next_hop_outgoing,8618.86968587717,Запросить исходящие следующего хопа; глубина 4
100000005979037100,next_hop_outgoing,8538.544441680162,Запросить исходящие следующего хопа; глубина 4
100000002689717100,next_hop_outgoing,8480.181903847473,Запросить исходящие следующего хопа; глубина 4
100000007510567100,next_hop_outgoing,8435.99836509625,Запросить исходящие следующего хопа; глубина 4
100000002478829100,next_hop_outgoing,8413.369251142864,Запросить исходящие следующего хопа; глубина 4
100000007153161100,next_hop_outgoing,8354.11017291127,Запросить исходящие следующего хопа; глубина 4
100000008628818100,next_hop_outgoing,8320.486356961868,Запросить исходящие следующего хопа; глубина 4
100000002723674100,next_hop_outgoing,8259.366483101232,Запросить исходящие следующего хопа; глубина 4
100000003345947100,next_hop_outgoing,8155.5804390149315,Запросить исходящие следующего хопа; глубина 4
100000004991593100,next_hop_outgoing,8080.666590925883,Запросить исходящие следующего хопа; глубина 4
100000008027922100,next_hop_outgoing,8056.25664774059,Запросить исходящие следующего хопа; глубина 4
100000003232675100,next_hop_outgoing,7926.12209212674,Запросить исходящие следующего хопа; глубина 4
100000003486846100,next_hop_outgoing,7869.563746654098,Запросить исходящие следующего хопа; глубина 4
100000004797167100,next_hop_outgoing,7792.599792012482,Запросить исходящие следующего хопа; глубина 4
100000006706519100,next_hop_outgoing,7717.672978676105,Запросить исходящие следующего хопа; глубина 4
100000003097947100,next_hop_outgoing,7434.3861669744265,Запросить исходящие следующего хопа; глубина 4
100000004673335100,next_hop_outgoing,7410.497830761719,Запросить исходящие следующего хопа; глубина 4
100000002971593100,next_hop_outgoing,7188.2088377247155,Запросить исходящие следующего хопа; глубина 4
100000008251939100,next_hop_outgoing,7125.4334191661355,Запросить исходящие следующего хопа; глубина 4
100000008727982100,next_hop_outgoing,7124.83811237771,Запросить исходящие следующего хопа; глубина 4
100000008703533100,next_hop_outgoing,7077.106256924504,Запросить исходящие следующего хопа; глубина 4
100000006527156100,next_hop_outgoing,7035.710007772834,Запросить исходящие следующего хопа; глубина 4
100000002371892100,next_hop_outgoing,6927.196076616853,Запросить исходящие следующего хопа; глубина 4
100000002188586100,next_hop_outgoing,6861.06892248956,Запросить исходящие следующего хопа; глубина 4
100000007539296100,next_hop_outgoing,6804.744755356785,Запросить исходящие следующего хопа; глубина 4
100000004722630100,next_hop_outgoing,6749.793743460808,Запросить исходящие следующего хопа; глубина 4
100000004890713100,next_hop_outgoing,6585.429072003604,Запросить исходящие следующего хопа; глубина 4
100000002713974100,next_hop_outgoing,6575.184322836066,Запросить исходящие следующего хопа; глубина 4
100000004674412100,next_hop_outgoing,6487.662120178874,Запросить исходящие следующего хопа; глубина 4
100000002229615100,next_hop_outgoing,6477.779388931461,Запросить исходящие следующего хопа; глубина 4
100000008638859100,next_hop_outgoing,6310.302739715267,Запросить исходящие следующего хопа; глубина 4
100000002835874100,next_hop_outgoing,6301.609598833296,Запросить исходящие следующего хопа; глубина 4
100000000608031100,next_hop_outgoing,6234.61685375946,Запросить исходящие следующего хопа; глубина 4
100000005087923100,next_hop_outgoing,6115.19177707749,Запросить исходящие следующего хопа; глубина 4
100000002227989100,next_hop_outgoing,6079.818955721436,Запросить исходящие следующего хопа; глубина 4
100000001270470100,next_hop_outgoing,5985.042883563728,Запросить исходящие следующего хопа; глубина 4
100000000581662100,next_hop_outgoing,5975.949156523955,Запросить исходящие следующего хопа; глубина 4
100000004400480100,next_hop_outgoing,5958.976322016463,Запросить исходящие следующего хопа; глубина 4
100000003289281100,next_hop_outgoing,5955.421244525164,Запросить исходящие следующего хопа; глубина 4
100000001991973100,next_hop_outgoing,5931.9540601462895,Запросить исходящие следующего хопа; глубина 4
100000002305477100,next_hop_outgoing,5871.024823377816,Запросить исходящие следующего хопа; глубина 4
100000000737152100,next_hop_outgoing,5849.243089701744,Запросить исходящие следующего хопа; глубина 4
100000002748511100,next_hop_outgoing,5786.5710629837295,Запросить исходящие следующего хопа; глубина 4
100000001220124100,next_hop_outgoing,5635.848177803569,Запросить исходящие следующего хопа; глубина 4
100000008461217100,next_hop_outgoing,5609.3574132512485,Запросить исходящие следующего хопа; глубина 4
100000004788983100,next_hop_outgoing,5590.607323874817,Запросить исходящие следующего хопа; глубина 4
100000002860934100,next_hop_outgoing,5543.379003497353,Запросить исходящие следующего хопа; глубина 4
100000008130868100,next_hop_outgoing,5520.739482548005,Запросить исходящие следующего хопа; глубина 4
100000003782913100,next_hop_outgoing,5509.380218039396,Запросить исходящие следующего хопа; глубина 4
100000004911971100,next_hop_outgoing,5480.469181791236,Запросить исходящие следующего хопа; глубина 4
100000004291663100,next_hop_outgoing,5473.003137901646,Запросить исходящие следующего хопа; глубина 4
100000002660298100,next_hop_outgoing,5328.004794308877,Запросить исходящие следующего хопа; глубина 4
100000000655469100,next_hop_outgoing,5303.2346094877375,Запросить исходящие следующего хопа; глубина 4
100000005589319100,next_hop_outgoing,5279.113225820927,Запросить исходящие следующего хопа; глубина 4
100000004047887100,next_hop_outgoing,5273.65583136947,Запросить исходящие следующего хопа; глубина 4
100000008588665100,next_hop_outgoing,5199.04255791753,Запросить исходящие следующего хопа; глубина 4
100000004241142100,next_hop_outgoing,5169.1119973192135,Запросить исходящие следующего хопа; глубина 4
100000003040087100,next_hop_outgoing,5134.122713968089,Запросить исходящие следующего хопа; глубина 4
100000006416061100,next_hop_outgoing,5082.47889710667,Запросить исходящие следующего хопа; глубина 4
100000002702968100,next_hop_outgoing,5081.391669302325,Запросить исходящие следующего хопа; глубина 4
100000000634341100,next_hop_outgoing,4959.851222724083,Запросить исходящие следующего хопа; глубина 4
100000008759795100,next_hop_outgoing,4898.525853821754,Запросить исходящие следующего хопа; глубина 4
100000006491963100,next_hop_outgoing,4733.302703410233,Запросить исходящие следующего хопа; глубина 4
100000002231144100,next_hop_outgoing,4696.385358036384,Запросить исходящие следующего хопа; глубина 4
100000002214383100,next_hop_outgoing,4626.092039062299,Запросить исходящие следующего хопа; глубина 4
100000002506987100,next_hop_outgoing,4493.294076821677,Запросить исходящие следующего хопа; глубина 4
100000007988344100,next_hop_outgoing,4451.998010750829,Запросить исходящие следующего хопа; глубина 4
100000006412162100,next_hop_outgoing,4432.618091555679,Запросить исходящие следующего хопа; глубина 4
100000004596284100,next_hop_outgoing,4389.139037671582,Запросить исходящие следующего хопа; глубина 4
100000007960337100,next_hop_outgoing,4385.429542174033,Запросить исходящие следующего хопа; глубина 4
100000007811950100,next_hop_outgoing,4331.083229674123,Запросить исходящие следующего хопа; глубина 4
100000006918814100,next_hop_outgoing,4300.617212815514,Запросить исходящие следующего хопа; глубина 4
100000000500040100,next_hop_outgoing,4273.975340177909,Запросить исходящие следующего хопа; глубина 4
100000007749747100,next_hop_outgoing,4232.570636234007,Запросить исходящие следующего хопа; глубина 4
100000008071749100,next_hop_outgoing,4225.879306185716,Запросить исходящие следующего хопа; глубина 4
100000004350094100,next_hop_outgoing,4215.051839708074,Запросить исходящие следующего хопа; глубина 4
100000006288612100,next_hop_outgoing,4194.642817509444,Запросить исходящие следующего хопа; глубина 4
100000001202787100,next_hop_outgoing,4175.114524134902,Запросить исходящие следующего хопа; глубина 4
100000003370425100,next_hop_outgoing,4170.326376870812,Запросить исходящие следующего хопа; глубина 4
100000006512787100,next_hop_outgoing,4129.428465026053,Запросить исходящие следующего хопа; глубина 4
100000005079473100,next_hop_outgoing,4126.004067160323,Запросить исходящие следующего хопа; глубина 4
100000004988240100,next_hop_outgoing,4072.3693767595078,Запросить исходящие следующего хопа; глубина 4
100000002304943100,next_hop_outgoing,4048.690786328552,Запросить исходящие следующего хопа; глубина 4
100000008554390100,next_hop_outgoing,3965.455895701704,Запросить исходящие следующего хопа; глубина 4
100000008629504100,next_hop_outgoing,3950.1959304769593,Запросить исходящие следующего хопа; глубина 4
100000004502048100,next_hop_outgoing,3790.071025046002,Запросить исходящие следующего хопа; глубина 4
100000005497148100,next_hop_outgoing,3759.6108182032076,Запросить исходящие следующего хопа; глубина 4
100000000803368100,next_hop_outgoing,3739.3544613751005,Запросить исходящие следующего хопа; глубина 4
100000008631800100,next_hop_outgoing,3735.9469218252957,Запросить исходящие следующего хопа; глубина 4
100000002242066100,next_hop_outgoing,3688.002562284033,Запросить исходящие следующего хопа; глубина 4
100000004791226100,next_hop_outgoing,3685.709339370645,Запросить исходящие следующего хопа; глубина 4
100000001845505100,next_hop_outgoing,3628.5272671065204,Запросить исходящие следующего хопа; глубина 4
100000003500764100,next_hop_outgoing,3548.410758131726,Запросить исходящие следующего хопа; глубина 4
100000004526651100,next_hop_outgoing,3531.7742031412436,Запросить исходящие следующего хопа; глубина 4
100000005723580100,next_hop_outgoing,3529.8084942550445,Запросить исходящие следующего хопа; глубина 4
100000004979264100,next_hop_outgoing,3524.4901919687554,Запросить исходящие следующего хопа; глубина 4
100000002645046100,next_hop_outgoing,3484.74261783609,Запросить исходящие следующего хопа; глубина 4
100000000981693100,next_hop_outgoing,3442.7976716142875,Запросить исходящие следующего хопа; глубина 4
100000008734279100,next_hop_outgoing,3426.528914648265,Запросить исходящие следующего хопа; глубина 4
100000002876914100,next_hop_outgoing,3413.4818692944964,Запросить исходящие следующего хопа; глубина 4
100000004780327100,next_hop_outgoing,3389.906280182468,Запросить исходящие следующего хопа; глубина 4
100000001286703100,next_hop_outgoing,3388.456957450928,Запросить исходящие следующего хопа; глубина 4
100000004070530100,next_hop_outgoing,3327.495572741952,Запросить исходящие следующего хопа; глубина 4
100000002369454100,next_hop_outgoing,3298.0898547361603,Запросить исходящие следующего хопа; глубина 4
100000004386286100,next_hop_outgoing,3230.5559134972273,Запросить исходящие следующего хопа; глубина 4
100000000673915100,next_hop_outgoing,3177.2280822175076,Запросить исходящие следующего хопа; глубина 4
100000002726055100,next_hop_outgoing,3173.673670452043,Запросить исходящие следующего хопа; глубина 4
100000000470237100,next_hop_outgoing,3171.3730289146492,Запросить исходящие следующего хопа; глубина 4
100000003010908100,next_hop_outgoing,3112.565702050914,Запросить исходящие следующего хопа; глубина 4
100000001598625100,next_hop_outgoing,3092.656283217248,Запросить исходящие следующего хопа; глубина 4
100000003105089100,next_hop_outgoing,3066.765370204995,Запросить исходящие следующего хопа; глубина 4
100000001249054100,next_hop_outgoing,3028.399510497311,Запросить исходящие следующего хопа; глубина 4
100000007653094100,next_hop_outgoing,3007.2865023251434,Запросить исходящие следующего хопа; глубина 4
100000005495211100,next_hop_outgoing,2985.624023089071,Запросить исходящие следующего хопа; глубина 4
100000006381453100,next_hop_outgoing,2983.350079309443,Запросить исходящие следующего хопа; глубина 4
100000008524903100,next_hop_outgoing,2933.786019384972,Запросить исходящие следующего хопа; глубина 4
100000003047800100,next_hop_outgoing,2925.454833021849,Запросить исходящие следующего хопа; глубина 4
100000002748040100,next_hop_outgoing,2886.138926026714,Запросить исходящие следующего хопа; глубина 4
100000004260869100,next_hop_outgoing,2862.0458678296022,Запросить исходящие следующего хопа; глубина 4
100000001130553100,next_hop_outgoing,2836.5150068506473,Запросить исходящие следующего хопа; глубина 4
100000008525136100,next_hop_outgoing,2777.112618599489,Запросить исходящие следующего хопа; глубина 4
100000002528978100,next_hop_outgoing,2767.09545459043,Запросить исходящие следующего хопа; глубина 4
100000004049912100,next_hop_outgoing,2712.7130912052166,Запросить исходящие следующего хопа; глубина 4
100000001325618100,next_hop_outgoing,2707.420173057982,Запросить исходящие следующего хопа; глубина 4
100000002130400100,next_hop_outgoing,2701.205695163986,Запросить исходящие следующего хопа; глубина 4
100000002227960100,next_hop_outgoing,2698.900191148591,Запросить исходящие следующего хопа; глубина 4
100000006866831100,next_hop_outgoing,2673.3476495202613,Запросить исходящие следующего хопа; глубина 4
100000004263867100,next_hop_outgoing,2636.5822136201846,Запросить исходящие следующего хопа; глубина 4
100000004449824100,next_hop_outgoing,2600.7169451546006,Запросить исходящие следующего хопа; глубина 4
100000003096787100,next_hop_outgoing,2587.9264834260184,Запросить исходящие следующего хопа; глубина 4
100000003166017100,next_hop_outgoing,2554.286806604389,Запросить исходящие следующего хопа; глубина 4
100000002733083100,next_hop_outgoing,2535.2712149138288,Запросить исходящие следующего хопа; глубина 4
100000004571634100,next_hop_outgoing,2507.1232609378358,Запросить исходящие следующего хопа; глубина 4
100000005849862100,next_hop_outgoing,2505.2930308859354,Запросить исходящие следующего хопа; глубина 4
100000003622955100,next_hop_outgoing,2472.380618411007,Запросить исходящие следующего хопа; глубина 4
100000008677368100,next_hop_outgoing,2460.339109585204,Запросить исходящие следующего хопа; глубина 4
100000002258492100,next_hop_outgoing,2450.358346353923,Запросить исходящие следующего хопа; глубина 4
100000008327791100,next_hop_outgoing,2421.5237583189473,Запросить исходящие следующего хопа; глубина 4
100000002832753100,next_hop_outgoing,2411.894454602559,Запросить исходящие следующего хопа; глубина 4
100000005041147100,next_hop_outgoing,2375.408917438983,Запросить исходящие следующего хопа; глубина 4
100000007381662100,next_hop_outgoing,2374.958388361676,Запросить исходящие следующего хопа; глубина 4
100000001089055100,next_hop_outgoing,2367.2489960525313,Запросить исходящие следующего хопа; глубина 4
100000003083865100,next_hop_outgoing,2363.225250603189,Запросить исходящие следующего хопа; глубина 4
100000001065481100,next_hop_outgoing,2353.557476325753,Запросить исходящие следующего хопа; глубина 4
100000004222274100,next_hop_outgoing,2309.063014643601,Запросить исходящие следующего хопа; глубина 4
100000005226217100,next_hop_outgoing,2302.477508170865,Запросить исходящие следующего хопа; глубина 4
100000003173783100,next_hop_outgoing,2271.738038939227,Запросить исходящие следующего хопа; глубина 4
100000004167082100,next_hop_outgoing,2259.631863489356,Запросить исходящие следующего хопа; глубина 4
100000001256409100,next_hop_outgoing,2245.628882789591,Запросить исходящие следующего хопа; глубина 4
100000001299443100,next_hop_outgoing,2244.1004709041044,Запросить исходящие следующего хопа; глубина 4
100000004908173100,next_hop_outgoing,2174.3142637830906,Запросить исходящие следующего хопа; глубина 4
100000005782886100,next_hop_outgoing,2148.530089440895,Запросить исходящие следующего хопа; глубина 4
100000006693788100,next_hop_outgoing,2132.8460852729427,Запросить исходящие следующего хопа; глубина 4
100000001275557100,next_hop_outgoing,2096.00832740294,Запросить исходящие следующего хопа; глубина 4
100000003950749100,next_hop_outgoing,2044.563490620416,Запросить исходящие следующего хопа; глубина 4
100000000404740100,next_hop_outgoing,2012.0979708659277,Запросить исходящие следующего хопа; глубина 4
100000004500781100,next_hop_outgoing,2011.07757270442,Запросить исходящие следующего хопа; глубина 4
100000003177533100,next_hop_outgoing,2002.0919023170422,Запросить исходящие следующего хопа; глубина 4
100000002540033100,next_hop_outgoing,1999.417826888831,Запросить исходящие следующего хопа; глубина 4
100000001714883100,next_hop_outgoing,1998.5043114141506,Запросить исходящие следующего хопа; глубина 4
100000003005167100,next_hop_outgoing,1986.452233320265,Запросить исходящие следующего хопа; глубина 4
100000004232712100,next_hop_outgoing,1949.3724930814078,Запросить исходящие следующего хопа; глубина 4
100000003194831100,next_hop_outgoing,1930.3766226691753,Запросить исходящие следующего хопа; глубина 4
100000003078839100,next_hop_outgoing,1906.7773789031432,Запросить исходящие следующего хопа; глубина 4
100000007997939100,next_hop_outgoing,1896.778217755412,Запросить исходящие следующего хопа; глубина 4
100000004379306100,next_hop_outgoing,1892.4238467828254,Запросить исходящие следующего хопа; глубина 4
100000002474570100,next_hop_outgoing,1887.876281949289,Запросить исходящие следующего хопа; глубина 4
100000004674389100,next_hop_outgoing,1884.1050681531422,Запросить исходящие следующего хопа; глубина 4
100000002320495100,next_hop_outgoing,1861.928812644132,Запросить исходящие следующего хопа; глубина 4
100000006903193100,next_hop_outgoing,1837.035738472601,Запросить исходящие следующего хопа; глубина 4
100000006171671100,next_hop_outgoing,1819.775827064271,Запросить исходящие следующего хопа; глубина 4
100000003146511100,next_hop_outgoing,1753.510642250619,Запросить исходящие следующего хопа; глубина 4
100000008778010100,next_hop_outgoing,1722.3863225594732,Запросить исходящие следующего хопа; глубина 4
100000002597074100,next_hop_outgoing,1703.1375456452183,Запросить исходящие следующего хопа; глубина 4
100000002728246100,next_hop_outgoing,1701.8428545068107,Запросить исходящие следующего хопа; глубина 4
100000002512742100,next_hop_outgoing,1698.141052514043,Запросить исходящие следующего хопа; глубина 4
100000005553088100,next_hop_outgoing,1698.0778057262767,Запросить исходящие следующего хопа; глубина 4
100000003084870100,next_hop_outgoing,1696.6999359607687,Запросить исходящие следующего хопа; глубина 4
100000002878483100,next_hop_outgoing,1674.676436779135,Запросить исходящие следующего хопа; глубина 4
100000003632533100,next_hop_outgoing,1662.8857260962543,Запросить исходящие следующего хопа; глубина 4
100000004433250100,next_hop_outgoing,1648.4974886185732,Запросить исходящие следующего хопа; глубина 4
100000004981068100,next_hop_outgoing,1646.3131186614225,Запросить исходящие следующего хопа; глубина 4
100000004780083100,next_hop_outgoing,1644.0561532770835,Запросить исходящие следующего хопа; глубина 4
100000002986245100,next_hop_outgoing,1626.187130300516,Запросить исходящие следующего хопа; глубина 4
100000002922000100,next_hop_outgoing,1622.1975384129225,Запросить исходящие следующего хопа; глубина 4
100000001498732100,next_hop_outgoing,1592.270380191258,Запросить исходящие следующего хопа; глубина 4
100000004848236100,next_hop_outgoing,1583.812486867731,Запросить исходящие следующего хопа; глубина 4
100000002635746100,next_hop_outgoing,1538.6870933311718,Запросить исходящие следующего хопа; глубина 4
100000004268036100,next_hop_outgoing,1532.795757788084,Запросить исходящие следующего хопа; глубина 4
100000008648783100,next_hop_outgoing,1488.5453373578703,Запросить исходящие следующего хопа; глубина 4
100000008471634100,next_hop_outgoing,1483.0641074302932,Запросить исходящие следующего хопа; глубина 4
100000004272302100,next_hop_outgoing,1482.8640887749611,Запросить исходящие следующего хопа; глубина 4
100000008321975100,next_hop_outgoing,1456.0639075075785,Запросить исходящие следующего хопа; глубина 4
100000004856746100,next_hop_outgoing,1451.999639360954,Запросить исходящие следующего хопа; глубина 4
100000004674178100,next_hop_outgoing,1451.1998460290501,Запросить исходящие следующего хопа; глубина 4
100000004850609100,next_hop_outgoing,1448.4488772730601,Запросить исходящие следующего хопа; глубина 4
100000002981489100,next_hop_outgoing,1444.459342458058,Запросить исходящие следующего хопа; глубина 4
100000001590795100,next_hop_outgoing,1437.815826679794,Запросить исходящие следующего хопа; глубина 4
100000003792647100,next_hop_outgoing,1420.6393355204402,Запросить исходящие следующего хопа; глубина 4
100000008710913100,next_hop_outgoing,1413.0767346155953,Запросить исходящие следующего хопа; глубина 4
100000004265639100,next_hop_outgoing,1392.102303819203,Запросить исходящие следующего хопа; глубина 4
100000004041294100,next_hop_outgoing,1345.8593904136462,Запросить исходящие следующего хопа; глубина 4
100000000542087100,next_hop_outgoing,1327.0294663726288,Запросить исходящие следующего хопа; глубина 4
100000003904497100,next_hop_outgoing,1311.8500947126845,Запросить исходящие следующего хопа; глубина 4
100000001297206100,next_hop_outgoing,1309.3176579482895,Запросить исходящие следующего хопа; глубина 4
100000005367180100,next_hop_outgoing,1268.9476109625407,Запросить исходящие следующего хопа; глубина 4
100000004655046100,next_hop_outgoing,1251.0809653334843,Запросить исходящие следующего хопа; глубина 4
100000002999140100,next_hop_outgoing,1234.5032536703616,Запросить исходящие следующего хопа; глубина 4
100000000299820100,next_hop_outgoing,1225.5796877593891,Запросить исходящие следующего хопа; глубина 4
100000004177936100,next_hop_outgoing,1190.2858627085816,Запросить исходящие следующего хопа; глубина 4
100000003481025100,next_hop_outgoing,1145.0383890557425,Запросить исходящие следующего хопа; глубина 4
100000003214786100,next_hop_outgoing,1141.213445202135,Запросить исходящие следующего хопа; глубина 4
100000004013952100,next_hop_outgoing,1131.305289242657,Запросить исходящие следующего хопа; глубина 4
100000008761220100,next_hop_outgoing,1116.1258999928643,Запросить исходящие следующего хопа; глубина 4
100000008761132100,next_hop_outgoing,1116.1258999928643,Запросить исходящие следующего хопа; глубина 4
100000008758106100,next_hop_outgoing,1108.4303390630937,Запросить исходящие следующего хопа; глубина 4
100000003786516100,next_hop_outgoing,1095.9047268154936,Запросить исходящие следующего хопа; глубина 4
100000005025629100,next_hop_outgoing,1080.052431689288,Запросить исходящие следующего хопа; глубина 4
100000000018102100,next_hop_outgoing,1078.6923602519082,Запросить исходящие следующего хопа; глубина 4
100000000704700100,next_hop_outgoing,1050.8983722636206,Запросить исходящие следующего хопа; глубина 4
100000005209352100,next_hop_outgoing,1024.584001377841,Запросить исходящие следующего хопа; глубина 4
100000000627521100,next_hop_outgoing,980.4353675414072,Запросить исходящие следующего хопа; глубина 4
100000008255655100,next_hop_outgoing,967.9207913014798,Запросить исходящие следующего хопа; глубина 4
100000004472936100,next_hop_outgoing,964.5343130277242,Запросить исходящие следующего хопа; глубина 4
100000003646145100,next_hop_outgoing,955.8935147788718,Запросить исходящие следующего хопа; глубина 4
100000004800452100,next_hop_outgoing,912.1154360514098,Запросить исходящие следующего хопа; глубина 4
100000003470579100,next_hop_outgoing,903.3589919252776,Запросить исходящие следующего хопа; глубина 4
100000000957746100,next_hop_outgoing,873.308087473038,Запросить исходящие следующего хопа; глубина 4
100000006735545100,next_hop_outgoing,862.3276231049812,Запросить исходящие следующего хопа; глубина 4
100000008778753100,next_hop_outgoing,842.9667428343863,Запросить исходящие следующего хопа; глубина 4
100000008074304100,next_hop_outgoing,779.9604561744372,Запросить исходящие следующего хопа; глубина 4
100000004107228100,next_hop_outgoing,771.5121808438948,Запросить исходящие следующего хопа; глубина 4
100000004569637100,next_hop_outgoing,763.0678263511139,Запросить исходящие следующего хопа; глубина 4
100000005010159100,next_hop_outgoing,742.9226873620796,Запросить исходящие следующего хопа; глубина 4
100000008745676100,next_hop_outgoing,722.3168538726585,Запросить исходящие следующего хопа; глубина 4
100000000369781100,next_hop_outgoing,713.0693217552348,Запросить исходящие следующего хопа; глубина 4
100000008762843100,next_hop_outgoing,684.3189078690749,Запросить исходящие следующего хопа; глубина 4
100000008762885100,next_hop_outgoing,684.3189078690749,Запросить исходящие следующего хопа; глубина 4
100000008649416100,next_hop_outgoing,675.9111327757304,Запросить исходящие следующего хопа; глубина 4
100000008770483100,next_hop_outgoing,670.3118831288465,Запросить исходящие следующего хопа; глубина 4
100000005293969100,next_hop_outgoing,659.42142411789,Запросить исходящие следующего хопа; глубина 4
100000005370558100,next_hop_outgoing,633.9722165835091,Запросить исходящие следующего хопа; глубина 4
100000002994441100,next_hop_outgoing,622.9505450392674,Запросить исходящие следующего хопа; глубина 4
100000003626268100,next_hop_outgoing,583.2885468652337,Запросить исходящие следующего хопа; глубина 4
100000004616845100,next_hop_outgoing,577.1101085771204,Запросить исходящие следующего хопа; глубина 4
100000004403548100,next_hop_outgoing,574.698057557977,Запросить исходящие следующего хопа; глубина 4
100000005685783100,next_hop_outgoing,570.9141389457461,Запросить исходящие следующего хопа; глубина 4
100000008775747100,next_hop_outgoing,570.7492381199794,Запросить исходящие следующего хопа; глубина 4
100000002659103100,next_hop_outgoing,570.5660820441227,Запросить исходящие следующего хопа; глубина 4
100000008766764100,next_hop_outgoing,559.1076606452166,Запросить исходящие следующего хопа; глубина 4
100000008758607100,next_hop_outgoing,559.1076606452166,Запросить исходящие следующего хопа; глубина 4
100000008766031100,next_hop_outgoing,542.8580604592854,Запросить исходящие следующего хопа; глубина 4
100000003001138100,next_hop_outgoing,520.1170892272385,Запросить исходящие следующего хопа; глубина 4
100000008762005100,next_hop_outgoing,485.9705453388703,Запросить исходящие следующего хопа; глубина 4
100000001202637100,next_hop_outgoing,449.22654120174747,Запросить исходящие следующего хопа; глубина 4
100000002723439100,next_hop_outgoing,439.0186998129204,Запросить исходящие следующего хопа; глубина 4
100000005910895100,next_hop_outgoing,411.9094458311502,Запросить исходящие следующего хопа; глубина 4
100000002707106100,next_hop_outgoing,389.2641356935709,Запросить исходящие следующего хопа; глубина 4
100000001533161100,next_hop_outgoing,378.21730442116376,Запросить исходящие следующего хопа; глубина 4
100000002653187100,next_hop_outgoing,359.7026462208386,Запросить исходящие следующего хопа; глубина 4
100000000424935100,next_hop_outgoing,238.98206621622293,Запросить исходящие следующего хопа; глубина 4
100000004691350100,next_hop_outgoing,218.13804531980438,Запросить исходящие следующего хопа; глубина 4
100000004584730100,next_hop_outgoing,184.08899774525233,Запросить исходящие следующего хопа; глубина 4
100000003838587100,next_hop_outgoing,158.74092460345597,Запросить исходящие следующего хопа; глубина 4
100000002404112100,next_hop_outgoing,158.73434841728292,Запросить исходящие следующего хопа; глубина 4
100000005146665100,next_hop_outgoing,147.35731740703739,Запросить исходящие следующего хопа; глубина 4
100000008331280100,next_hop_outgoing,105.60834286607204,Запросить исходящие следующего хопа; глубина 4
100000004377043100,next_hop_outgoing,100.12718805770449,Запросить исходящие следующего хопа; глубина 4
100000000581682100,next_hop_outgoing,81.576722045513,Запросить исходящие следующего хопа; глубина 4
100000008151098100,next_hop_outgoing,72.72919318802516,Запросить исходящие следующего хопа; глубина 4
100000005621418100,next_hop_outgoing,66.76862002037298,Запросить исходящие следующего хопа; глубина 4
100000002514975100,next_hop_outgoing,44.89038166598953,Запросить исходящие следующего хопа; глубина 4
100000000343175100,incoming_external,155393.92606800588,Запросить внешние входящие; приоритет 0.91
100000001616816100,incoming_external,158814.95064500737,Запросить внешние входящие; приоритет 0.89
100000003016635100,incoming_external,537267.6912133686,Запросить внешние входящие; приоритет 0.93
100000003684369100,incoming_external,3063507.1197756035,Запросить внешние входящие; приоритет 1.00
100000005382566100,incoming_external,393053.7934634328,Запросить внешние входящие; приоритет 0.89
100000006866783100,incoming_external,601148.1949055813,Запросить внешние входящие; приоритет 0.93
100000005074393100,incoming_external,463574.929739694,Запросить внешние входящие; приоритет 0.94
100000008165763100,incoming_external,806949.4240804112,Запросить внешние входящие; приоритет 0.98
100000007639767100,incoming_external,69920.14735222427,Запросить внешние входящие; приоритет 0.85
100000007442518100,incoming_external,298994.7068005291,Запросить внешние входящие; приоритет 0.92
100000003701161100,incoming_external,864390.4169377503,Запросить внешние входящие; приоритет 0.91
100000003404627100,incoming_external,734184.5178594597,Запросить внешние входящие; приоритет 0.86
100000004071080100,incoming_external,179915.479638,Запросить внешние входящие; приоритет 0.78
100000007908818100,incoming_external,565104.2570899373,Запросить внешние входящие; приоритет 0.94
100000002894076100,incoming_external,951096.5900835557,Запросить внешние входящие; приоритет 0.86
100000004759121100,incoming_external,492963.6625758135,Запросить внешние входящие; приоритет 0.88
100000004159526100,incoming_external,137057.6764866251,Запросить внешние входящие; приоритет 0.81
100000002838861100,incoming_external,502802.270498794,Запросить внешние входящие; приоритет 0.86
100000008560717100,incoming_external,358815.25612134434,Запросить внешние входящие; приоритет 0.80
100000008244300100,incoming_external,45400.5828467252,Запросить внешние входящие; приоритет 0.58
100000004015047100,incoming_external,844634.3297472788,Запросить внешние входящие; приоритет 0.91
100000003004487100,incoming_external,118989.55688163325,Запросить внешние входящие; приоритет 0.85
100000001899164100,incoming_external,126558.42742070535,Запросить внешние входящие; приоритет 0.81
100000000661912100,incoming_external,258443.9265795985,Запросить внешние входящие; приоритет 0.88
100000004144536100,incoming_external,133468.75370865565,Запросить внешние входящие; приоритет 0.64
100000006889963100,incoming_external,1126359.0141565565,Запросить внешние входящие; приоритет 0.93
100000003115284100,incoming_external,1662806.0880080631,Запросить внешние входящие; приоритет 0.96
100000002645609100,incoming_external,410086.35374694655,Запросить внешние входящие; приоритет 0.78
100000008686313100,incoming_external,1419818.8392574985,Запросить внешние входящие; приоритет 0.95
100000006788200100,incoming_external,208037.60562151653,Запросить внешние входящие; приоритет 0.82
100000001530983100,incoming_external,524317.5845567419,Запросить внешние входящие; приоритет 0.92
100000001126374100,incoming_external,143068.46165810202,Запросить внешние входящие; приоритет 0.76
100000007055802100,incoming_external,1487701.2901401094,Запросить внешние входящие; приоритет 0.85
100000008094734100,incoming_external,232755.96381001506,Запросить внешние входящие; приоритет 0.77
100000005339662100,incoming_external,134184.24506720522,Запросить внешние входящие; приоритет 0.82
100000004299488100,incoming_external,1303639.1729131362,Запросить внешние входящие; приоритет 0.87
100000001253557100,incoming_external,95580.25861646788,Запросить внешние входящие; приоритет 0.70
100000004156082100,incoming_external,375265.97097437165,Запросить внешние входящие; приоритет 0.94
100000005514161100,incoming_external,401202.1622799748,Запросить внешние входящие; приоритет 0.89
100000004403675100,incoming_external,115810.21368198695,Запросить внешние входящие; приоритет 0.83
100000002224132100,incoming_external,3946289.4669397944,Запросить внешние входящие; приоритет 0.84
100000000331309100,incoming_external,643484.7762641433,Запросить внешние входящие; приоритет 0.96
100000008346837100,incoming_external,188377.75837160606,Запросить внешние входящие; приоритет 0.67
100000004486525100,incoming_external,252775.44012233123,Запросить внешние входящие; приоритет 0.79
100000008546855100,incoming_external,60143.74716852384,Запросить внешние входящие; приоритет 0.67
100000000332284100,incoming_external,70486.3146092462,Запросить внешние входящие; приоритет 0.79
100000008477350100,incoming_external,513935.4742637473,Запросить внешние входящие; приоритет 0.95
100000001857829100,incoming_external,437585.32553917484,Запросить внешние входящие; приоритет 0.94
100000003249054100,incoming_external,75026.81717542933,Запросить внешние входящие; приоритет 0.71
100000002718366100,incoming_external,1234031.2331069072,Запросить внешние входящие; приоритет 0.87
100000007594394100,incoming_external,308624.2984098679,Запросить внешние входящие; приоритет 0.91
100000003741418100,incoming_external,103066.34604533092,Запросить внешние входящие; приоритет 0.74
100000008144528100,incoming_external,683117.8330767085,Запросить внешние входящие; приоритет 0.81
100000004221668100,incoming_external,921626.9011671754,Запросить внешние входящие; приоритет 0.80
100000000437046100,incoming_external,841456.4555426697,Запросить внешние входящие; приоритет 0.96
100000005942793100,incoming_external,39993.20105461297,Запросить внешние входящие; приоритет 0.54
100000008730846100,incoming_external,91368.19792263456,Запросить внешние входящие; приоритет 0.83
100000004400305100,incoming_external,172938.1971559948,Запросить внешние входящие; приоритет 0.92
100000003159641100,incoming_external,49892.83992232741,Запросить внешние входящие; приоритет 0.76
100000003134934100,incoming_external,257051.0480063518,Запросить внешние входящие; приоритет 0.79
100000008512552100,incoming_external,306138.55219259264,Запросить внешние входящие; приоритет 0.90
100000007629096100,incoming_external,686052.8310014647,Запросить внешние входящие; приоритет 0.84
100000005782781100,incoming_external,127387.91938684213,Запросить внешние входящие; приоритет 0.88
100000002741024100,incoming_external,501009.581467133,Запросить внешние входящие; приоритет 0.89
100000007998965100,incoming_external,240795.08627783085,Запросить внешние входящие; приоритет 0.82
100000005665181100,incoming_external,27388.704118040652,Запросить внешние входящие; приоритет 0.71
100000008111003100,incoming_external,187200.28629491845,Запросить внешние входящие; приоритет 0.87
100000008603629100,incoming_external,1050129.340889956,Запросить внешние входящие; приоритет 0.71
100000008547948100,incoming_external,78833.78498243602,Запросить внешние входящие; приоритет 0.66
100000003747133100,incoming_external,154800.03021689635,Запросить внешние входящие; приоритет 0.85
100000004962193100,incoming_external,617009.4277357126,Запросить внешние входящие; приоритет 0.80
100000002398779100,incoming_external,798468.7578267009,Запросить внешние входящие; приоритет 0.87
100000008733194100,incoming_external,150287.17226456627,Запросить внешние входящие; приоритет 0.85
100000002369874100,incoming_external,265881.6777739012,Запросить внешние входящие; приоритет 0.80
100000002547110100,incoming_external,690328.3710484481,Запросить внешние входящие; приоритет 0.84
100000005830339100,incoming_external,316722.08766024996,Запросить внешние входящие; приоритет 0.80
100000001303311100,incoming_external,842556.1590568847,Запросить внешние входящие; приоритет 0.85
100000001282143100,incoming_external,988120.7135942914,Запросить внешние входящие; приоритет 0.86
100000003528285100,incoming_external,79228.17316707535,Запросить внешние входящие; приоритет 0.80
100000006734214100,incoming_external,395159.8268600889,Запросить внешние входящие; приоритет 0.85
100000003157679100,incoming_external,258582.29310388706,Запросить внешние входящие; приоритет 0.79
100000004997515100,incoming_external,220287.79132491502,Запросить внешние входящие; приоритет 0.86
100000003111305100,incoming_external,259537.00709398976,Запросить внешние входящие; приоритет 0.79
100000005610717100,incoming_external,351250.5939689382,Запросить внешние входящие; приоритет 0.82
100000000456947100,seed_no_outgoing,0.0,Проверить полноту выгрузки для seed без исходящих
100000001415126100,seed_no_outgoing,0.0,Проверить полноту выгрузки для seed без исходящих
100000001429930100,seed_no_outgoing,0.0,Проверить полноту выгрузки для seed без исходящих
100000003265658100,seed_no_outgoing,0.0,Проверить полноту выгрузки для seed без исходящих
100000003349739100,seed_no_outgoing,0.0,Проверить полноту выгрузки для seed без исходящих
100000003770083100,seed_no_outgoing,0.0,Проверить полноту выгрузки для seed без исходящих
100000004019124100,seed_no_outgoing,0.0,Проверить полноту выгрузки для seed без исходящих
100000004021459100,seed_no_outgoing,0.0,Проверить полноту выгрузки для seed без исходящих
100000004174835100,seed_no_outgoing,0.0,Проверить полноту выгрузки для seed без исходящих
100000005017150100,seed_no_outgoing,0.0,Проверить полноту выгрузки для seed без исходящих
100000005087431100,seed_no_outgoing,0.0,Проверить полноту выгрузки для seed без исходящих
100000005235389100,seed_no_outgoing,0.0,Проверить полноту выгрузки для seed без исходящих
100000005370580100,seed_no_outgoing,0.0,Проверить полноту выгрузки для seed без исходящих
100000005395727100,seed_no_outgoing,0.0,Проверить полноту выгрузки для seed без исходящих
100000005409680100,seed_no_outgoing,0.0,Проверить полноту выгрузки для seed без исходящих
100000005454368100,seed_no_outgoing,0.0,Проверить полноту выгрузки для seed без исходящих
100000005480435100,seed_no_outgoing,0.0,Проверить полноту выгрузки для seed без исходящих
100000005493505100,seed_no_outgoing,0.0,Проверить полноту выгрузки для seed без исходящих
100000005495722100,seed_no_outgoing,0.0,Проверить полноту выгрузки для seed без исходящих
100000005523088100,seed_no_outgoing,0.0,Проверить полноту выгрузки для seed без исходящих
100000005550592100,seed_no_outgoing,0.0,Проверить полноту выгрузки для seed без исходящих
100000005560900100,seed_no_outgoing,0.0,Проверить полноту выгрузки для seed без исходящих
100000005568407100,seed_no_outgoing,0.0,Проверить полноту выгрузки для seed без исходящих
100000005668605100,seed_no_outgoing,0.0,Проверить полноту выгрузки для seed без исходящих
100000008117324100,seed_no_outgoing,0.0,Проверить полноту выгрузки для seed без исходящих
100000008205000100,seed_no_outgoing,0.0,Проверить полноту выгрузки для seed без исходящих
100000008513251100,seed_no_outgoing,0.0,Проверить полноту выгрузки для seed без исходящих
100000008516839100,seed_no_outgoing,0.0,Проверить полноту выгрузки для seed без исходящих
100000008669037100,seed_no_outgoing,0.0,Проверить полноту выгрузки для seed без исходящих
100000008673001100,seed_no_outgoing,0.0,Проверить полноту выгрузки для seed без исходящих
100000008701222100,seed_no_outgoing,0.0,Проверить полноту выгрузки для seed без исходящих
